n_sources,ks,coherence_length_over_spacing,raw_coherence_availability,radiating_phase_steerability,radiating_covariance_gain,phase_ablation_rmse_db,dominant_mechanism
7,0.01,0.01,4.870722786029202e-44,6.377540182767903e-44,1.0,0.0,compact
7,0.01,0.014677992676220698,3.379893277835657e-30,4.425504414805098e-30,1.0,0.0,compact
7,0.01,0.021544346900318832,9.096564976156616e-21,1.1910698105628168e-20,1.0,0.0,compact
7,0.01,0.03162277660168379,2.417932776681587e-14,3.1659497203883124e-14,1.0000000000000315,1.622480174228685e-15,compact
7,0.01,0.046415888336127774,5.760373290509177e-10,7.542414899714515e-10,1.0000000007541912,9.961354853156488e-14,compact
7,0.01,0.06812920690579612,5.526757106138364e-07,7.236524016085149e-07,1.0000007236044293,9.666451751919462e-11,compact
7,0.01,0.1,5.944246128382294e-05,7.782859748497344e-05,1.0000778294388886,1.0397466915648223e-08,compact
7,0.01,0.1467799267622069,0.0014395525070505517,0.0018830724890133578,1.0018864985632274,2.5223186884528264e-07,compact
7,0.01,0.21544346900318834,0.01262430272491787,0.016391174073274697,1.0166631937906987,2.242970086128296e-06,compact
7,0.01,0.31622776601683794,0.0553782666433955,0.06995493655456551,1.0752114452768478,1.0390097799710764e-05,compact
7,0.01,0.46415888336127775,0.15094677357609015,0.18031141589838773,1.2199587796434799,3.2247328869055345e-05,compact
7,0.01,0.6812920690579611,0.2948763522894174,0.3278291237434612,1.4876744083544513,7.845958118261277e-05,compact
7,0.01,1.0,0.455167734961103,0.47401089190371715,1.901086146172697,0.00016083730593800292,compact
7,0.01,1.467799267622069,0.5977816110856276,0.5936731922753883,2.4608893110772674,0.00028265960863609133,compact
7,0.01,2.154434690031882,0.7068798480259889,0.6809145881762119,3.1336393041132142,0.00042930368917259076,compact
7,0.01,3.1622776601683795,0.7829739575338415,0.7404959637687037,3.8530188920193367,0.0005761983757446804,compact
7,0.01,4.6415888336127775,0.8332992662778405,0.7799531774088136,4.543821645322184,0.00070452496461468,compact
7,0.01,6.812920690579608,0.8657267852616342,0.8058439012071391,5.149659205318151,0.0008068524485768045,compact
7,0.01,10.0,0.8864854089197354,0.8228649380158866,5.644428071338168,0.0008838725199267916,compact
7,0.01,14.67799267622069,0.8998433876228871,0.8341239286052226,6.027498616290116,0.0009397991727117099,compact
7,0.01,21.54434690031882,0.9085269029829269,0.8416223916803016,6.312836417705865,0.0009795079897796917,compact
7,0.01,31.622776601683793,0.914233111584836,0.8466462973949261,6.519619947705074,0.0010073040468466027,compact
7,0.01,46.41588833612777,0.9180184637076214,0.8500282308531459,6.6666216538768115,0.0010265842079453117,compact
7,0.01,68.12920690579608,0.9205484749760577,0.852312912724586,6.769739498704728,0.0010398780186845914,compact
7,0.01,100.0,0.922249002226468,0.8538602998890378,6.841411201962141,0.0010490082118077139,compact
7,0.014677992676220698,0.01,4.870722786029202e-44,6.377848244783198e-44,1.0,0.0,compact
7,0.014677992676220698,0.014677992676220698,3.379893277835657e-30,4.425718185282375e-30,1.0,0.0,compact
7,0.014677992676220698,0.021544346900318832,9.096564976156616e-21,1.1911273442444063e-20,1.0,0.0,compact
7,0.014677992676220698,0.03162277660168379,2.417932776681587e-14,3.166102649076057e-14,1.0000000000000315,1.600846137229504e-15,compact
7,0.014677992676220698,0.046415888336127774,5.760373290509177e-10,7.542779230077954e-10,1.000000000754169,2.1575843406554677e-13,compact
7,0.014677992676220698,0.06812920690579612,5.526757106138364e-07,7.23687357040411e-07,1.0000007235834298,2.0825620961677281e-10,compact
7,0.014677992676220698,0.1,5.944246128382294e-05,7.783235666934061e-05,1.0000778271799848,2.2400484579532757e-08,compact
7,0.014677992676220698,0.1467799267622069,0.0014395525070505517,0.0018831632945874616,1.001886443665453,5.434126985414172e-07,compact
7,0.014677992676220698,0.21544346900318834,0.01262430272491787,0.01639195407555294,1.0166626984130847,4.832291867996634e-06,compact
7,0.014677992676220698,0.31622776601683794,0.0553782666433955,0.06995809893051828,1.0752090184015735,2.238456808782206e-05,compact
7,0.014677992676220698,0.46415888336127775,0.15094677357609015,0.18031864549304386,1.219950233542623,6.94738433362796e-05,compact
7,0.014677992676220698,0.6812920690579611,0.2948763522894174,0.3278398412566536,1.487649052772033,0.00016903276491979545,compact
7,0.014677992676220698,1.0,0.455167734961103,0.4740224944262012,1.9010197268341547,0.00034650445494002595,compact
7,0.014677992676220698,1.467799267622069,0.5977816110856276,0.5936832717312353,2.4607382171818166,0.0006089546594863693,compact
7,0.014677992676220698,2.154434690031882,0.7068798480259889,0.6809221776355174,3.1333470960892997,0.0009248859268244194,compact
7,0.014677992676220698,3.1622776601683795,0.7829739575338415,0.7405012361626212,3.8525366750140253,0.0012413666871950739,compact
7,0.014677992676220698,4.6415888336127775,0.8332992662778405,0.7799567075722428,4.5431263316024255,0.001517852249434538,compact
7,0.014677992676220698,6.812920690579608,0.8657267852616342,0.8058462372397236,5.148756737699068,0.0017383282600828137,compact
7,0.014677992676220698,10.0,0.8864854089197354,0.8228664840096749,5.643344479127377,0.0019042807225574422,compact
7,0.014677992676220698,14.67799267622069,0.8998433876228871,0.8341249562769762,6.026268271948189,0.002024786193686614,compact
7,0.014677992676220698,21.54434690031882,0.9085269029829269,0.8416230783087327,6.3114933873888495,0.002110348175729653,compact
7,0.014677992676220698,31.622776601683793,0.914233111584836,0.8466467581553552,6.518193567342337,0.0021702418999402094,compact
7,0.014677992676220698,46.41588833612777,0.9180184637076214,0.8500285410074566,6.665135196919354,0.0022117862294138272,compact
7,0.014677992676220698,68.12920690579608,0.9205484749760577,0.8523131218748283,6.768210504148766,0.0022404314816454295,compact
7,0.014677992676220698,100.0,0.922249002226468,0.8538604409952903,6.839852453931132,0.002260105113813049,compact
7,0.021544346900318832,0.01,4.870722786029202e-44,6.378510976764723e-44,1.0,0.0,compact
7,0.021544346900318832,0.014677992676220698,3.379893277835657e-30,4.426178068438894e-30,1.0,0.0,compact
7,0.021544346900318832,0.021544346900318832,9.096564976156616e-21,1.1912511161114693e-20,1.0,0.0,compact
7,0.021544346900318832,0.03162277660168379,2.417932776681587e-14,3.1664316436525674e-14,1.0000000000000315,1.6331897305905411e-15,compact
7,0.021544346900318832,0.046415888336127774,5.760373290509177e-10,7.543563011822219e-10,1.0000000007541217,4.663891800492007e-13,compact
7,0.021544346900318832,0.06812920690579612,5.526757106138364e-07,7.237625564531506e-07,1.0000007235381894,4.4866761281528597e-10,compact
7,0.021544346900318832,0.1,5.944246128382294e-05,7.784044378002407e-05,1.0000778223134361,4.8259546476407425e-08,compact
7,0.021544346900318832,0.1467799267622069,0.0014395525070505517,0.0018833586439089348,1.001886325394516,1.1707267836749075e-06,compact
7,0.021544346900318832,0.21544346900318834,0.01262430272491787,0.01639363207690698,1.0166616311811327,1.0410668343028017e-05,compact
7,0.021544346900318832,0.31622776601683794,0.0553782666433955,0.06996490189460751,1.075203790030521,4.8225073316321947e-05,compact
7,0.021544346900318832,0.46415888336127775,0.15094677357609015,0.1803341968905076,1.2199318225242026,0.00014967258505275643,compact
7,0.021544346900318832,0.6812920690579611,0.2948763522894174,0.327862892536952,1.4875944310341418,0.00036415483562026574,compact
7,0.021544346900318832,1.0,0.455167734961103,0.47404744437512963,1.900876653089446,0.000746479369234325,compact
7,0.021544346900318832,1.467799267622069,0.5977816110856276,0.5937049409951348,2.4604127682693293,0.001311874102562937,compact
7,0.021544346900318832,2.154434690031882,0.7068798480259889,0.680938488949393,3.132717731884146,0.001992509608206762,compact
7,0.021544346900318832,3.1622776601683795,0.7829739575338415,0.7405125638514425,3.851498112846827,0.0026743734186947883,compact
7,0.021544346900318832,4.6415888336127775,0.8332992662778405,0.7799642891704448,4.541628867073293,0.0032701099102110066,compact
7,0.021544346900318832,6.812920690579608,0.8657267852616342,0.8058512518451129,5.146813179630507,0.0037451952360089665,compact
7,0.021544346900318832,10.0,0.8864854089197354,0.8228698005781689,5.64101088656605,0.004102811382011693,compact
7,0.021544346900318832,14.67799267622069,0.8998433876228871,0.8341271589502858,6.023618666244816,0.00436250289441231,compact
7,0.021544346900318832,21.54434690031882,0.9085269029829269,0.8416245481316355,6.308601127768014,0.00454689598841605,compact
7,0.021544346900318832,31.622776601683793,0.914233111584836,0.8466477426529925,6.5151218256561965,0.004675974594589873,compact
7,0.021544346900318832,46.41588833612777,0.9180184637076214,0.8500292019103698,6.661934089570927,0.004765509238030628,compact
7,0.021544346900318832,68.12920690579608,0.9205484749760577,0.8523135657655205,6.764917798871715,0.004827244949055073,compact
7,0.021544346900318832,100.0,0.922249002226468,0.8538607386932561,6.836495679397351,0.0048696454923272976,compact
7,0.03162277660168379,0.01,4.870722786029202e-44,6.379934295263984e-44,1.0,0.0,compact
7,0.03162277660168379,0.014677992676220698,3.379893277835657e-30,4.4271657379982595e-30,1.0,0.0,compact
7,0.03162277660168379,0.021544346900318832,9.096564976156616e-21,1.1915169351650074e-20,1.0,0.0,compact
7,0.03162277660168379,0.03162277660168379,2.417932776681587e-14,3.1671382099266517e-14,1.0000000000000315,1.5678354550330987e-15,compact
7,0.03162277660168379,0.046415888336127774,5.760373290509177e-10,7.545246303238797e-10,1.0000000007540206,1.0062256388482963e-12,compact
7,0.03162277660168379,0.06812920690579612,5.526757106138364e-07,7.239240587167992e-07,1.0000007234407262,9.665896082539233e-10,compact
7,0.03162277660168379,0.1,5.944246128382294e-05,7.78578120882828e-05,1.0000778118292897,1.0396816143134609e-07,compact
7,0.03162277660168379,0.1467799267622069,0.0014395525070505517,0.0018837781857264525,1.0018860706001835,2.522159765968806e-06,compact
7,0.03162277660168379,0.21544346900318834,0.01262430272491787,0.01639723578208884,1.0166593320238153,2.2428228295355316e-05,compact
7,0.03162277660168379,0.31622776601683794,0.0553782666433955,0.0699795112052481,1.0751925266505447,0.00010389305201385088,compact
7,0.03162277660168379,0.46415888336127775,0.15094677357609015,0.1803675885371275,1.2198921618178866,0.0003224399770123206,compact
7,0.03162277660168379,0.6812920690579611,0.2948763522894174,0.32791237436138737,1.4874767762372076,0.0007844771878666593,compact
7,0.03162277660168379,1.0,0.455167734961103,0.47410097951703994,1.9005685139049864,0.0016080468217864392,compact
7,0.03162277660168379,1.467799267622069,0.5977816110856276,0.5937514112163222,2.4597119486123113,0.0028259806485317076,compact
7,0.03162277660168379,2.154434690031882,0.7068798480259889,0.6809734464006287,3.1313626377661516,0.004292282745759712,compact
7,0.03162277660168379,3.1622776601683795,0.7829739575338415,0.7405368231343641,3.8492621891172827,0.0057614374773774,compact
7,0.03162277660168379,4.6415888336127775,0.8332992662778405,0.7799805122456082,4.538405198663296,0.007045221017945423,compact
7,0.03162277660168379,6.812920690579608,0.8657267852616342,0.8058619708913091,5.142629387413445,0.008069152067776524,compact
7,0.03162277660168379,10.0,0.8864854089197354,0.8228768801189302,5.635987656112013,0.008839995390976199,compact
7,0.03162277660168379,14.67799267622069,0.8998433876228871,0.834131851657833,6.017915323879351,0.009399810544286732,compact
7,0.03162277660168379,21.54434690031882,0.9085269029829269,0.841627670807141,6.302375563048126,0.00979733074839365,compact
7,0.03162277660168379,31.622776601683793,0.914233111584836,0.8466498257290699,6.5085099967744515,0.010075614932308404,compact
7,0.03162277660168379,46.41588833612777,0.9180184637076214,0.8500305918920591,6.655043854347463,0.010268651321282206,compact
7,0.03162277660168379,68.12920690579608,0.9205484749760577,0.8523144909689926,6.757830437809536,0.010401756247528034,compact
7,0.03162277660168379,100.0,0.922249002226468,0.8538613508083057,6.8292704368070485,0.010493175090394914,compact
7,0.046415888336127774,0.01,4.870722786029202e-44,6.382979847025749e-44,1.0,0.0,compact
7,0.046415888336127774,0.014677992676220698,3.379893277835657e-30,4.4292791081034956e-30,1.0,0.0,compact
7,0.046415888336127774,0.021544346900318832,9.096564976156616e-21,1.192085722605931e-20,1.0,0.0,compact
7,0.046415888336127774,0.03162277660168379,2.417932776681587e-14,3.168650088091628e-14,1.0000000000000315,1.5953917904113692e-15,compact
7,0.046415888336127774,0.046415888336127774,5.760373290509177e-10,7.548848133146846e-10,1.0000000007538017,2.169140729311662e-12,compact
7,0.046415888336127774,0.06812920690579612,5.526757106138364e-07,7.242696338660511e-07,1.00000072323077,2.082287296051159e-09,compact
7,0.046415888336127774,0.1,5.944246128382294e-05,7.789497599288122e-05,1.0000777892442778,2.2397460219337503e-07,compact
7,0.046415888336127774,0.1467799267622069,0.0014395525070505517,0.0018846758984400382,1.0018855217212788,5.433389276295354e-06,compact
7,0.046415888336127774,0.21544346900318834,0.01262430272491787,0.016404946547678698,1.0166543792160774,4.83160839049952e-05,compact
7,0.046415888336127774,0.31622776601683794,0.0553782666433955,0.07001076644918468,1.0751682641652793,0.00022380889432182198,compact
7,0.046415888336127774,0.46415888336127775,0.15094677357609015,0.18043900428953585,1.2198067369030565,0.0006945838333423095,compact
7,0.046415888336127774,0.6812920690579611,0.2948763522894174,0.3280181403460371,1.4872234087934533,0.0016897771458090876,compact
7,0.046415888336127774,1.0,0.455167734961103,0.4742153053931334,1.8999051298539857,0.003463530515308143,compact
7,0.046415888336127774,1.467799267622069,0.5977816110856276,0.593850530827553,2.45820364939832,0.0060866897630577135,compact
7,0.046415888336127774,2.154434690031882,0.7068798480259889,0.6810479046437159,3.128447024178807,0.009245356884267197,compact
7,0.046415888336127774,3.1622776601683795,0.7829739575338415,0.7405884127312782,3.844452411897632,0.012411127286093658,compact
7,0.046415888336127774,4.6415888336127775,0.8332992662778405,0.7800149485637955,4.5314717032029925,0.015178385035595028,compact
7,0.046415888336127774,6.812920690579608,0.8657267852616342,0.8058846716879458,5.133631797248626,0.017386192341587822,compact
7,0.046415888336127774,10.0,0.8864854089197354,0.8228918271724655,5.625185563213424,0.019048702313115864,compact
7,0.046415888336127774,14.67799267622069,0.8998433876228871,0.8341417167315307,6.005651301100369,0.020256306517580334,compact
7,0.046415888336127774,21.54434690031882,0.9085269029829269,0.8416341944434753,6.288989040300925,0.021113934440769054,compact
7,0.046415888336127774,31.622776601683793,0.914233111584836,0.8466541375005664,6.494293231540754,0.02171437606373276,compact
7,0.046415888336127774,46.41588833612777,0.9180184637076214,0.8500334293428267,6.640228687642404,0.022130910880072824,compact
7,0.046415888336127774,68.12920690579608,0.9205484749760577,0.8523163399108726,6.742591577093889,0.02241813902420157,compact
7,0.046415888336127774,100.0,0.922249002226468,0.8538625339299646,6.813735221523994,0.02261541895049442,compact
7,0.06812920690579612,0.01,4.870722786029202e-44,6.389443968186834e-44,1.0,0.0,compact
7,0.06812920690579612,0.014677992676220698,3.379893277835657e-30,4.433764692814278e-30,1.0,0.0,compact
7,0.06812920690579612,0.021544346900318832,9.096564976156616e-21,1.1932929622855166e-20,1.0,0.0,compact
7,0.06812920690579612,0.03162277660168379,2.417932776681587e-14,3.1718590184936326e-14,1.0000000000000315,1.573385332405725e-15,compact
7,0.06812920690579612,0.046415888336127774,5.760373290509177e-10,7.556492943266137e-10,1.0000000007533298,4.6736817290722135e-12,compact
7,0.06812920690579612,0.06812920690579612,5.526757106138364e-07,7.250031100313369e-07,1.000000722778536,4.485375380401919e-09,compact
7,0.06812920690579612,0.1,5.944246128382294e-05,7.797385558933074e-05,1.0000777405974648,4.824550537225611e-07,compact
7,0.06812920690579612,0.1467799267622069,0.0014395525070505517,0.0018865812583067764,1.0018843394706205,1.170384389870339e-05,compact
7,0.06812920690579612,0.21544346900318834,0.01262430272491787,0.016421311202279944,1.0166437113909292,0.0001040749623405493,compact
7,0.06812920690579612,0.31622776601683794,0.0553782666433955,0.0700770814667366,1.075116009539252,0.00048208001100503057,compact
7,0.06812920690579612,0.46415888336127775,0.15094677357609015,0.18059042426680683,1.2196227941760505,0.001496008451672747,compact
7,0.06812920690579612,0.6812920690579611,0.2948763522894174,0.328242101944601,1.4866780651051332,0.0036389941488802822,compact
7,0.06812920690579612,1.0,0.455167734961103,0.4744569084017527,1.8984781445681058,0.007457768437679455,compact
7,0.06812920690579612,1.467799267622069,0.5977816110856276,0.5940594433656423,2.4549613944133664,0.013105478577997959,compact
7,0.06812920690579612,2.154434690031882,0.7068798480259889,0.6812043474416258,3.1221833455424535,0.01990881998456433,compact
7,0.06812920690579612,3.1622776601683795,0.7829739575338415,0.7406964223742215,3.8341242039362653,0.026731906643774173,compact
7,0.06812920690579612,4.6415888336127775,0.8332992662778405,0.7800867468922034,4.516588045275825,0.03270041515920305,compact
7,0.06812920690579612,6.812920690579608,0.8657267852616342,0.8059317560183177,5.114321680143996,0.0374654256378801,compact
7,0.06812920690579612,10.0,0.8864854089197354,0.8229226124544664,5.602006329002951,0.04105547004725753,compact
7,0.06812920690579612,14.67799267622069,0.8998433876228871,0.834161833517079,5.979337828723486,0.04366424894319632,compact
7,0.06812920690579612,21.54434690031882,0.9085269029829269,0.8416473033927694,6.260269217979873,0.04551752858088904,compact
7,0.06812920690579612,31.622776601683793,0.914233111584836,0.8466626108040102,6.463793675335184,0.04681532046627631,compact
7,0.06812920690579612,46.41588833612777,0.9180184637076214,0.8500388142488698,6.608446423952797,0.04771575116188717,compact
7,0.06812920690579612,68.12920690579608,0.9205484749760577,0.8523196547948105,6.709901122760891,0.04833672162437843,compact
7,0.06812920690579612,100.0,0.922249002226468,0.8538644548559035,6.780409539620968,0.04876325978107554,compact
7,0.1,0.01,4.870722786029202e-44,6.402915613311108e-44,1.0,0.0,incoherent_mixer
7,0.1,0.014677992676220698,3.379893277835657e-30,4.443112940455782e-30,1.0,0.0,incoherent_mixer
7,0.1,0.021544346900318832,9.096564976156616e-21,1.1958089275866046e-20,1.0,0.0,incoherent_mixer
7,0.1,0.03162277660168379,2.417932776681587e-14,3.178546636272915e-14,1.0000000000000315,1.5844267684467887e-15,incoherent_mixer
7,0.1,0.046415888336127774,5.760373290509177e-10,7.572425220276777e-10,1.0000000007523153,1.0067088351453584e-11,incoherent_mixer
7,0.1,0.06812920690579612,5.526757106138364e-07,7.265317216221001e-07,1.0000007218047071,9.659843260426971e-09,incoherent_mixer
7,0.1,0.1,5.944246128382294e-05,7.81382456182243e-05,1.000077635842684,1.0390299618384172e-06,incoherent_mixer
7,0.1,0.1467799267622069,0.0014395525070505517,0.0018905520725841704,1.0018817936560527,2.5205708023525473e-05,incoherent_mixer
7,0.1,0.21544346900318834,0.01262430272491787,0.016455410238427587,1.0166207406733694,0.00022413507835063846,incoherent_mixer
7,0.1,0.31622776601683794,0.0553782666433955,0.07021517692356076,1.0750035106723943,0.0010381383570568876,mixed
7,0.1,0.46415888336127775,0.15094677357609015,0.1809052578950066,1.2192269636306714,0.003221071806983958,mixed
7,0.1,0.6812920690579611,0.2948763522894174,0.32870641359939895,1.485505565522678,0.00783292632364425,mixed
7,0.1,1.0,0.455167734961103,0.4749555260267836,1.8954141244631835,0.01604788261175952,mixed
7,0.1,1.467799267622069,0.5977816110856276,0.5944879815411133,2.4480097997432524,0.028198225886428313,mixed
7,0.1,2.154434690031882,0.7068798480259889,0.6815229301365247,3.1087709626896016,0.04284708608378593,mixed
7,0.1,3.1622776601683795,0.7829739575338415,0.7409145478068665,3.812030373963691,0.05755907689575888,mixed
7,0.1,4.6415888336127775,0.8332992662778405,0.780230318522834,4.484771878528408,0.0704485735868136,mixed
7,0.1,6.812920690579608,0.8657267852616342,0.806024731582654,5.073063531568423,0.08075372890263667,mixed
7,0.1,10.0,0.8864854089197354,0.8229823617559742,5.552498034879272,0.0885268636640013,mixed
7,0.1,14.67799267622069,0.8998433876228871,0.8341999034374464,5.923148004947857,0.09418038439151805,mixed
7,0.1,21.54434690031882,0.9085269029829269,0.8416711655189956,6.198950411719612,0.09819926047267893,mixed
7,0.1,31.622776601683793,0.914233111584836,0.8466770900428424,6.398681901495237,0.10101485357063868,mixed
7,0.1,46.41588833612777,0.9180184637076214,0.8500470496246513,6.540601151247473,0.10296899690285054,mixed
7,0.1,68.12920690579608,0.9205484749760577,0.8523237085815316,6.640120560157358,0.10431695155795423,mixed
7,0.1,100.0,0.922249002226468,0.8538656943416102,6.709275399241491,0.10524299220625187,mixed
7,0.1467799267622069,0.01,4.870722786029202e-44,6.429800759932172e-44,1.0,0.0,incoherent_mixer
7,0.1467799267622069,0.014677992676220698,3.379893277835657e-30,4.461769088697025e-30,1.0,0.0,incoherent_mixer
7,0.1467799267622069,0.021544346900318832,9.096564976156616e-21,1.2008299992812099e-20,1.0,0.0,incoherent_mixer
7,0.1467799267622069,0.03162277660168379,2.417932776681587e-14,3.1918930080696054e-14,1.0000000000000315,1.3910809857588956e-15,incoherent_mixer
7,0.1467799267622069,0.046415888336127774,5.760373290509177e-10,7.604221010581463e-10,1.0000000007501306,2.1672329371830263e-11,incoherent_mixer
7,0.1467799267622069,0.06812920690579612,5.526757106138364e-07,7.295823472615445e-07,1.0000007197088814,2.0794773582762707e-08,incoherent_mixer
7,0.1467799267622069,0.1,5.944246128382294e-05,7.846631554800728e-05,1.0000774103947314,2.2367224619868728e-06,incoherent_mixer
7,0.1467799267622069,0.1467799267622069,0.0014395525070505517,0.0018984761997188446,1.001876314743631,5.426016910271656e-05,incoherent_mixer
7,0.1467799267622069,0.21544346900318834,0.01262430272491787,0.016523433539750873,1.0165713093451174,0.0004824778925655717,incoherent_mixer
7,0.1467799267622069,0.31622776601683794,0.0553782666433955,0.07049026469947899,1.0747615114698132,0.002234414635131318,mixed
7,0.1467799267622069,0.46415888336127775,0.15094677357609015,0.1815301438154466,1.2183763112809751,0.006930410339430459,mixed
7,0.1467799267622069,0.6812920690579611,0.2948763522894174,0.3296216331071416,1.4829906130632344,0.016842889378037525,mixed
7,0.1467799267622069,1.0,0.455167734961103,0.475927606087344,1.8888604763664885,0.034484284537769215,mixed
7,0.1467799267622069,1.467799267622069,0.5977816110856276,0.5953109040815685,2.4331877027522384,0.06058085500121068,mixed
7,0.1467799267622069,2.154434690031882,0.7068798480259889,0.682123420516444,3.0802527989517756,0.09210007074746003,mixed
7,0.1467799267622069,3.1622776601683795,0.7829739575338415,0.7413167283006362,3.765153758644933,0.12385058892259633,mixed
7,0.1467799267622069,4.6415888336127775,0.8332992662778405,0.7804879937453256,4.41737084512781,0.15176228882379375,mixed
7,0.1467799267622069,6.812920690579608,0.8657267852616342,0.8061857445498528,4.985753133955268,0.17414729409257815,mixed
7,0.1467799267622069,10.0,0.8864854089197354,0.8230806055660084,5.447805057680678,0.1910753504245054,mixed
7,0.1467799267622069,14.67799267622069,0.8998433876228871,0.8342575384764015,5.804384899926269,0.20341145511831937,mixed
7,0.1467799267622069,21.54434690031882,0.9085269029829269,0.8417023538314409,6.069390442452333,0.21219331009938658,mixed
7,0.1467799267622069,31.622776601683793,0.914233111584836,0.8466908920313527,6.261139409830972,0.21835212016508385,mixed
7,0.1467799267622069,46.41588833612777,0.9180184637076214,0.8500493192211169,6.397306797860847,0.22262968465275906,mixed
7,0.1467799267622069,68.12920690579608,0.9205484749760577,0.8523182723464336,6.492754401158699,0.22558180074171758,mixed
7,0.1467799267622069,100.0,0.922249002226468,0.8538550801231607,6.559061559908493,0.22761059896472413,mixed
7,0.21544346900318834,0.01,4.870722786029202e-44,6.477619651633065e-44,1.0,0.0,incoherent_mixer
7,0.21544346900318834,0.014677992676220698,3.379893277835657e-30,4.494951587006514e-30,1.0,0.0,incoherent_mixer
7,0.21544346900318834,0.021544346900318832,9.096564976156616e-21,1.2097606585396812e-20,1.0,0.0,incoherent_mixer
7,0.21544346900318834,0.03162277660168379,2.417932776681587e-14,3.2156313464369245e-14,1.0000000000000313,1.1434615265925029e-15,incoherent_mixer
7,0.21544346900318834,0.046415888336127774,5.760373290509177e-10,7.660774150293904e-10,1.0000000007454353,4.6612650336184767e-11,incoherent_mixer
7,0.21544346900318834,0.06812920690579612,5.526757106138364e-07,7.350082998273409e-07,1.0000007152038746,4.4723423256853466e-08,incoherent_mixer
7,0.21544346900318834,0.1,5.944246128382294e-05,7.90498296427342e-05,1.0000769257916566,4.810528267858485e-06,incoherent_mixer
7,0.21544346900318834,0.1467799267622069,0.0014395525070505517,0.001912568629221024,1.001864538038468,0.0001166965396625198,incoherent_mixer
7,0.21544346900318834,0.21544346900318834,0.01262430272491787,0.016644292335477862,1.0164650796233805,0.0010375828314443992,incoherent_mixer
7,0.21544346900318834,0.31622776601683794,0.0553782666433955,0.07097715153612524,1.0742418627091976,0.00480377130163019,mixed
7,0.21544346900318834,0.46415888336127775,0.15094677357609015,0.18262532845924845,1.2165535045098377,0.014888663866591014,mixed
7,0.21544346900318834,0.6812920690579611,0.2948763522894174,0.33119486140741056,1.4776233923408724,0.036136199634219,mixed
7,0.21544346900318834,1.0,0.455167734961103,0.4775454038899506,1.8749584951332643,0.07387901347244458,mixed
7,0.21544346900318834,1.467799267622069,0.5977816110856276,0.5966171154533187,2.4019580978014266,0.12972513427708318,mixed
7,0.21544346900318834,2.154434690031882,0.7068798480259889,0.6830181031102031,3.020526409714736,0.1974281767723409,mixed
7,0.21544346900318834,3.1622776601683795,0.7829739575338415,0.7418684531668296,3.667433948969957,0.2660684959886794,mixed
7,0.21544346900318834,4.6415888336127775,0.8332992662778405,0.7808034310151718,4.277334201318351,0.3268559010369489,mixed
7,0.21544346900318834,6.812920690579608,0.8657267852616342,0.8063505795829374,4.804772745060733,0.37594325069837276,mixed
7,0.21544346900318834,10.0,0.8864854089197354,0.8231515155497617,5.2311391508456495,0.41327653800342146,mixed
7,0.21544346900318834,14.67799267622069,0.8998433876228871,0.8342696204673969,5.558867550918675,0.4406028591172568,mixed
7,0.21544346900318834,21.54434690031882,0.9085269029829269,0.8416770703119193,5.801751144506997,0.46011947758758465,mixed
7,0.21544346900318834,31.622776601683793,0.914233111584836,0.8466414993625029,5.977153300159521,0.4738387983022657,mixed
7,0.21544346900318834,46.41588833612777,0.9180184637076214,0.8499841515124885,6.101546162853171,0.4833832461528695,mixed
7,0.21544346900318834,68.12920690579608,0.9205484749760577,0.8522426662009313,6.188660509926821,0.4899778544316606,mixed
7,0.21544346900318834,100.0,0.922249002226468,0.8537725078509035,6.249140655368253,0.494513525203017,mixed
7,0.31622776601683794,0.01,4.870722786029202e-44,6.534072566094977e-44,1.0,0.0,incoherent_mixer
7,0.31622776601683794,0.014677992676220698,3.379893277835657e-30,4.5341254087340275e-30,1.0,0.0,incoherent_mixer
7,0.31622776601683794,0.021544346900318832,9.096564976156616e-21,1.2203038084386888e-20,1.0,0.0,incoherent_mixer
7,0.31622776601683794,0.03162277660168379,2.417932776681587e-14,3.243655801576966e-14,1.0000000000000306,2.137182309655656e-15,incoherent_mixer
7,0.31622776601683794,0.046415888336127774,5.760373290509177e-10,7.727538340020982e-10,1.000000000735369,1.0005085973994245e-10,incoherent_mixer
7,0.31622776601683794,0.06812920690579612,5.526757106138364e-07,7.414139433377597e-07,1.0000007055458775,9.599457209617353e-08,incoherent_mixer
7,0.31622776601683794,0.1,5.944246128382294e-05,7.97386859505264e-05,1.0000758868843542,1.0325332752441561e-05,incoherent_mixer
7,0.31622776601683794,0.1467799267622069,0.0014395525070505517,0.0019291966479544917,1.0018392920666126,0.00025047307675044587,incoherent_mixer
7,0.31622776601683794,0.21544346900318834,0.01262430272491787,0.016786296208042534,1.0162374489549857,0.002226683416838979,incoherent_mixer
7,0.31622776601683794,0.31622776601683794,0.0553782666433955,0.0715394258792297,1.0731302583460165,0.01030259989160012,mixed
7,0.31622776601683794,0.46415888336127775,0.15094677357609015,0.18383252253871163,1.2126716098003953,0.03188109596423251,mixed
7,0.31622776601683794,0.6812920690579611,0.2948763522894174,0.3327610544754785,1.4662918705010628,0.07716141502797003,mixed
7,0.31622776601683794,1.0,0.455167734961103,0.47885561001808646,1.845983412846563,0.1572593617798243,mixed
7,0.31622776601683794,1.467799267622069,0.5977816110856276,0.5972995562019598,2.337804394151181,0.2757941922308196,mixed
7,0.31622776601683794,2.154434690031882,0.7068798480259889,0.683118307150012,2.8994197293238715,0.42057701098982475,mixed
7,0.31622776601683794,3.1622776601683795,0.7829739575338415,0.7416123143437312,3.471290885099093,0.5693712977559012,mixed
7,0.31622776601683794,4.6415888336127775,0.8332992662778405,0.7803829550979333,3.9983145702652325,0.7032860004098984,mixed
7,0.31622776601683794,6.812920690579608,0.8657267852616342,0.8058736556580056,4.446026574693271,0.8131220187619579,mixed
7,0.31622776601683794,10.0,0.8864854089197354,0.8226661997290392,4.803177030997654,0.8977747912790363,mixed
7,0.31622776601683794,14.67799267622069,0.8998433876228871,0.8337931871203458,5.075093260980606,0.9603909541929769,mixed
7,0.31622776601683794,21.54434690031882,0.9085269029829269,0.8412134682386486,5.275259578280578,1.0054664024520155,phase_interference
7,0.31622776601683794,31.622776601683793,0.914233111584836,0.8461897383931883,5.419134684332202,1.0373351945359963,phase_interference
7,0.31622776601683794,46.41588833612777,0.9180184637076214,0.8495418702882491,5.520837579759804,1.059597150401449,phase_interference
7,0.31622776601683794,68.12920690579608,0.9205484749760577,0.8518074884185782,5.5919024581380015,1.0750230748663192,phase_interference
7,0.31622776601683794,100.0,0.922249002226468,0.8533424650608372,5.641164340412719,1.0856540428109993,phase_interference
7,0.46415888336127775,0.01,4.870722786029202e-44,6.479543500516004e-44,1.0,0.0,incoherent_mixer
7,0.46415888336127775,0.014677992676220698,3.379893277835657e-30,4.49628658474559e-30,1.0,0.0,incoherent_mixer
7,0.46415888336127775,0.021544346900318832,9.096564976156616e-21,1.2101199566795414e-20,1.0,0.0,incoherent_mixer
7,0.46415888336127775,0.03162277660168379,2.417932776681587e-14,3.216586386884878e-14,1.0000000000000302,6.748037872277082e-15,incoherent_mixer
7,0.46415888336127775,0.046415888336127774,5.760373290509177e-10,7.663049395194419e-10,1.000000000713912,2.138261809795032e-10,incoherent_mixer
7,0.46415888336127775,0.06812920690579612,5.526757106138364e-07,7.352265867082162e-07,1.0000006849587784,2.0515584643280534e-07,incoherent_mixer
7,0.46415888336127775,0.1,5.944246128382294e-05,7.907319041389553e-05,1.0000736723477408,2.2066859629876226e-05,incoherent_mixer
7,0.46415888336127775,0.1467799267622069,0.0014395525070505517,0.0019130681457975697,1.0017854836044793,0.0005352788351070904,incoherent_mixer
7,0.46415888336127775,0.21544346900318834,0.01262430272491787,0.016644022527064796,1.0157527204688164,0.004757013358176543,incoherent_mixer
7,0.46415888336127775,0.31622776601683794,0.0553782666433955,0.07090180863922625,1.070771752510676,0.021981011072881036,mixed
7,0.46415888336127775,0.46415888336127775,0.15094677357609015,0.18201975792926012,1.2045125910905221,0.06779266017775391,mixed
7,0.46415888336127775,0.6812920690579611,0.2948763522894174,0.32905086163112673,1.4429043165923372,0.16310595832307842,mixed
7,0.46415888336127775,1.0,0.455167734961103,0.4730465460490673,1.7877743307440093,0.330142553491917,mixed
7,0.46415888336127775,1.467799267622069,0.5977816110856276,0.5900870286035929,2.2128321409913774,0.576991941384443,mixed
7,0.46415888336127775,2.154434690031882,0.7068798480259889,0.6756987854959207,2.67007414817526,0.882570683410508,mixed
7,0.46415888336127775,3.1622776601683795,0.7829739575338415,0.7349184631673387,3.1081172290336725,1.205327426058677,phase_interference
7,0.46415888336127775,4.6415888336127775,0.8332992662778405,0.7747823440860361,3.4902008825227453,1.5062649269730417,phase_interference
7,0.46415888336127775,6.812920690579608,0.8657267852616342,0.8013336171771479,3.800376596852524,1.7623521484595317,phase_interference
7,0.46415888336127775,10.0,0.8864854089197354,0.8189925500255915,4.039239756436247,1.9664769454329776,phase_interference
7,0.46415888336127775,14.67799267622069,0.8998433876228871,0.8307708446504095,4.216385401404771,2.121775409331894,phase_interference
7,0.46415888336127775,21.54434690031882,0.9085269029829269,0.8386601227041947,4.344333019891551,2.23607455282731,phase_interference
7,0.46415888336127775,31.622776601683793,0.914233111584836,0.8439663828444324,4.435066217387559,2.3182458223325555,phase_interference
7,0.46415888336127775,46.41588833612777,0.9180184637076214,0.847547729316645,4.498600346857497,2.3763513374776926,phase_interference
7,0.46415888336127775,68.12920690579608,0.9205484749760577,0.8499713893993303,4.542704214930239,2.4169671963364396,phase_interference
7,0.46415888336127775,100.0,0.922249002226468,0.8516148577811086,4.5731385621325416,2.4451307589938525,phase_interference
7,0.6812920690579611,0.01,4.870722786029202e-44,6.098389191127261e-44,1.0,0.0,incoherent_mixer
7,0.6812920690579611,0.014677992676220698,3.379893277835657e-30,4.231795882910485e-30,1.0,0.0,incoherent_mixer
7,0.6812920690579611,0.021544346900318832,9.096564976156616e-21,1.1389355535917322e-20,1.0,0.0,incoherent_mixer
7,0.6812920690579611,0.03162277660168379,2.417932776681587e-14,3.0273730938828775e-14,1.0000000000000282,1.710000740736619e-14,incoherent_mixer
7,0.6812920690579611,0.046415888336127774,5.760373290509177e-10,7.212276234980757e-10,1.0000000006687375,4.5274453867385416e-10,incoherent_mixer
7,0.6812920690579611,0.06812920690579612,5.526757106138364e-07,6.919774254550302e-07,1.0000006416164644,4.343847553887709e-07,incoherent_mixer
7,0.6812920690579611,0.1,5.944246128382294e-05,7.442169796569105e-05,1.0000690100978988,4.672288517352184e-05,incoherent_mixer
7,0.6812920690579611,0.1467799267622069,0.0014395525070505517,0.0018004917154452252,1.0016722270627405,0.0011332681535998637,incoherent_mixer
7,0.6812920690579611,0.21544346900318834,0.01262430272491787,0.01566177781949236,1.0147343841381333,0.010064400147552388,incoherent_mixer
7,0.6812920690579611,0.31622776601683794,0.0553782666433955,0.06667215770262686,1.0658544577783666,0.046377138887530145,mixed
7,0.6812920690579611,0.46415888336127775,0.15094677357609015,0.1709128979776265,1.1878296438264013,0.14205005373547622,mixed
7,0.6812920690579611,0.6812920690579611,0.2948763522894174,0.30843662335318256,1.3968199629231044,0.33760009349361836,mixed
7,0.6812920690579611,1.0,0.455167734961103,0.4432933294207946,1.6791890133302132,0.6731257437744003,mixed
7,0.6812920690579611,1.467799267622069,0.5977816110856276,0.5548946116902942,1.9941280694558887,1.1640136881378726,phase_interference
7,0.6812920690579611,2.154434690031882,0.7068798480259889,0.6404664102818496,2.292494379867704,1.7809506723511181,phase_interference
7,0.6812920690579611,3.1622776601683795,0.7829739575338415,0.7040679568222337,2.5399205953050137,2.4622914636818827,phase_interference
7,0.6812920690579611,4.6415888336127775,0.8332992662778405,0.7502577265741686,2.72575301168719,3.1436118578933456,phase_interference
7,0.6812920690579611,6.812920690579608,0.8657267852616342,0.7830039355044562,2.856433927655864,3.776159966793284,phase_interference
7,0.6812920690579611,10.0,0.8864854089197354,0.8057615099796956,2.944896490705914,4.330508068390715,phase_interference
7,0.6812920690579611,14.67799267622069,0.8998433876228871,0.8213781258775409,3.003714437111916,4.793700080236323,phase_interference
7,0.6812920690579611,21.54434690031882,0.9085269029829269,0.8320251610626593,3.042618773915587,5.165134662751084,phase_interference
7,0.6812920690579611,31.622776601683793,0.914233111584836,0.8392649442014571,3.0683939898403727,5.452546697643633,phase_interference
7,0.6812920690579611,46.41588833612777,0.9180184637076214,0.8441845950139658,3.0855483401074797,5.668301203359372,phase_interference
7,0.6812920690579611,68.12920690579608,0.9205484749760577,0.8475282474079968,3.097023837855834,5.8262863437562356,phase_interference
7,0.6812920690579611,100.0,0.922249002226468,0.8498017946658672,3.1047360335262693,5.939722439066079,phase_interference
7,1.0,0.01,4.870722786029202e-44,5.388697653334388e-44,1.0,0.0,incoherent_mixer
7,1.0,0.014677992676220698,3.379893277835657e-30,3.739326538359985e-30,1.0,0.0,incoherent_mixer
7,1.0,0.021544346900318832,9.096564976156616e-21,1.0063935168106907e-20,1.0,0.0,incoherent_mixer
7,1.0,0.03162277660168379,2.417932776681587e-14,2.675066771814021e-14,1.0000000000000244,3.741036125872101e-14,incoherent_mixer
7,1.0,0.046415888336127774,5.760373290509177e-10,6.372957645699339e-10,1.0000000005761824,9.394823793938882e-10,incoherent_mixer
7,1.0,0.06812920690579612,5.526757106138364e-07,6.114495085552536e-07,1.0000005528151037,9.013829352454699e-07,incoherent_mixer
7,1.0,0.1,5.944246128382294e-05,6.57608726795786e-05,1.0000594580963882,9.69530032728046e-05,incoherent_mixer
7,1.0,0.1467799267622069,0.0014395525070505517,0.0015909011892653714,1.0014402963392883,0.0023512054465409543,incoherent_mixer
7,1.0,0.21544346900318834,0.01262430272491787,0.013834584617742587,1.0126569969613075,0.020851770450419055,incoherent_mixer
7,1.0,0.31622776601683794,0.0553782666433955,0.05883267620611114,1.055975963248863,0.0955573486988747,mixed
7,1.0,0.46415888336127775,0.15094677357609015,0.15055037262556165,1.1555760581476184,0.2887399121207231,mixed
7,1.0,0.6812920690579611,0.2948763522894174,0.2715455330946276,1.3137831289499773,0.6700387249753285,mixed
7,1.0,1.0,0.455167734961103,0.39218080642762,1.5025436355930364,1.2946846253298214,phase_interference
7,1.0,1.467799267622069,0.5977816110856276,0.4981187390148074,1.6791599970806879,2.1705063206337525,phase_interference
7,1.0,2.154434690031882,0.7068798480259889,0.5894713454255569,1.8122974881774836,3.2453967860537536,phase_interference
7,1.0,3.1622776601683795,0.7829739575338415,0.6679087145647578,1.8945910772523409,4.4358715995575455,phase_interference
7,1.0,4.6415888336127775,0.8332992662778405,0.7319383758935062,1.9360594905094597,5.665144569477389,phase_interference
7,1.0,6.812920690579608,0.8657267852616342,0.7804366208640727,1.9516836664415922,6.880098737610786,phase_interference
7,1.0,10.0,0.8864854089197354,0.8149841536343728,1.9538044682737,8.049399548479638,phase_interference
7,1.0,14.67799267622069,0.8998433876228871,0.8387232334502956,1.950218362562335,9.155709033334258,phase_interference
7,1.0,21.54434690031882,0.9085269029829269,0.8547733535034179,1.9450394176839296,10.189144654098733,phase_interference
7,1.0,31.622776601683793,0.914233111584836,0.8655715857335975,1.9400996311771583,11.143556494921803,phase_interference
7,1.0,46.41588833612777,0.9180184637076214,0.8728381588305852,1.936030793229366,12.01507063218208,phase_interference
7,1.0,68.12920690579608,0.9205484749760577,0.8777382738746233,1.9329161667144121,12.801924363627691,phase_interference
7,1.0,100.0,0.922249002226468,0.8810504526814847,1.9306299326800602,13.504708217390206,phase_interference
7,1.467799267622069,0.01,4.870722786029202e-44,4.088039757706837e-44,1.0,0.0,incoherent_mixer
7,1.467799267622069,0.014677992676220698,3.379893277835657e-30,2.836773658363444e-30,1.0,0.0,incoherent_mixer
7,1.467799267622069,0.021544346900318832,9.096564976156616e-21,7.63482565416295e-21,1.0,0.0,incoherent_mixer
7,1.467799267622069,0.03162277660168379,2.417932776681587e-14,2.0293918904374703e-14,1.0000000000000167,7.630067811317975e-14,incoherent_mixer
7,1.467799267622069,0.046415888336127774,5.760373290509177e-10,4.834731118354875e-10,1.0000000003977405,1.8658966123180086e-09,incoherent_mixer
7,1.467799267622069,0.06812920690579612,5.526757106138364e-07,4.638653460220965e-07,1.0000003816096437,1.790226110605312e-06,incoherent_mixer
7,1.467799267622069,0.1,5.944246128382294e-05,4.9888749002502e-05,1.0000410429237188,0.00019255462732668596,incoherent_mixer
7,1.467799267622069,0.1467799267622069,0.0014395525070505517,0.0012071622424847843,1.0009935603525175,0.004668160800408482,incoherent_mixer
7,1.467799267622069,0.21544346900318834,0.01262430272491787,0.010515170609915555,1.0086847124480929,0.04129313581061962,incoherent_mixer
7,1.467799267622069,0.31622776601683794,0.0553782666433955,0.04503841099568462,1.037620051396128,0.187332223428788,incoherent_mixer
7,1.467799267622069,0.46415888336127775,0.15094677357609015,0.11768165113117128,1.0996135998888033,0.5526143189444652,mixed
7,1.467799267622069,0.6812920690579611,0.2948763522894174,0.22234178180373526,1.1856142466968662,1.2315054853741452,mixed
7,1.467799267622069,1.0,0.455167734961103,0.3467319800323736,1.2693768884350918,2.256367836549405,mixed
7,1.467799267622069,1.467799267622069,0.5977816110856276,0.48096524826384385,1.3303694272559763,3.565071503789673,phase_interference
7,1.467799267622069,2.154434690031882,0.7068798480259889,0.6082642077776292,1.3660642198236377,5.013288016535736,phase_interference
7,1.467799267622069,3.1622776601683795,0.7829739575338415,0.7102915976585806,1.384747880432719,6.434345337127063,phase_interference
7,1.467799267622069,4.6415888336127775,0.8332992662778405,0.7813458357792191,1.3949208424736095,7.703559296539405,phase_interference
7,1.467799267622069,6.812920690579608,0.8657267852616342,0.8270864208609474,1.401424481601161,8.76762636131308,phase_interference
7,1.467799267622069,10.0,0.8864854089197354,0.8557619672075989,1.4062243812725321,9.633059990804771,phase_interference
7,1.467799267622069,14.67799267622069,0.8998433876228871,0.8737840226423993,1.4099568759106116,10.33513205052004,phase_interference
7,1.467799267622069,21.54434690031882,0.9085269029829269,0.8852670437518924,1.4128390935336568,10.912525733837,phase_interference
7,1.467799267622069,31.622776601683793,0.914233111584836,0.8926985286717574,1.4150082752586488,11.396275318331472,phase_interference
7,1.467799267622069,46.41588833612777,0.9180184637076214,0.8975741359924201,1.4165988629849589,11.808323113591353,phase_interference
7,1.467799267622069,68.12920690579608,0.9205484749760577,0.9008074843849782,1.4177408344100513,12.163556571048812,phase_interference
7,1.467799267622069,100.0,0.922249002226468,0.90296897108354,1.4185479278436586,12.472171231625513,phase_interference
7,2.154434690031882,0.01,4.870722786029202e-44,3.5587053654646157e-44,1.0,0.0,incoherent_mixer
7,2.154434690031882,0.014677992676220698,3.379893277835657e-30,2.469457793211274e-30,1.0,0.0,incoherent_mixer
7,2.154434690031882,0.021544346900318832,9.096564976156616e-21,6.646240406208159e-21,1.0,0.0,incoherent_mixer
7,2.154434690031882,0.03162277660168379,2.417932776681587e-14,1.7666187799458993e-14,1.0000000000000042,1.3938047126492224e-13,incoherent_mixer
7,2.154434690031882,0.046415888336127774,5.760373290509177e-10,4.208712390555598e-10,1.0000000000995868,3.366094997154278e-09,incoherent_mixer
7,2.154434690031882,0.06812920690579612,5.526757106138364e-07,4.038025808795106e-07,1.0000000955482184,3.2295830141497766e-06,incoherent_mixer
7,2.154434690031882,0.1,5.944246128382294e-05,4.343154322265497e-05,1.0000102755401596,0.00034736296229605646,incoherent_mixer
7,2.154434690031882,0.1467799267622069,0.0014395525070505517,0.0010523621209530233,1.000248253774967,0.008417130943711505,incoherent_mixer
7,2.154434690031882,0.21544346900318834,0.01262430272491787,0.009268894848019066,1.0021351128038938,0.07416239886036603,incoherent_mixer
7,2.154434690031882,0.31622776601683794,0.0553782666433955,0.04137560469401514,1.0086833100111698,0.33141148804184173,incoherent_mixer
7,2.154434690031882,0.46415888336127775,0.15094677357609015,0.11776830926933385,1.019799401634309,0.9450594696379582,mixed
7,2.154434690031882,0.6812920690579611,0.2948763522894174,0.24735892035883209,1.028435915619923,1.9992592373356328,mixed
7,2.154434690031882,1.0,0.455167734961103,0.41508175804659325,1.027874525119797,3.447572102902642,phase_interference
7,2.154434690031882,1.467799267622069,0.5977816110856276,0.5833353521829968,1.018622543840039,5.142888349679524,phase_interference
7,2.154434690031882,2.154434690031882,0.7068798480259889,0.7182971507840541,1.00537082512192,6.904108701466503,phase_interference
7,2.154434690031882,3.1622776601683795,0.7829739575338415,0.8105538353112648,0.9921991768062666,8.576797747914462,phase_interference
7,2.154434690031882,4.6415888336127775,0.8332992662778405,0.868138434618483,0.9811489588722416,10.065303400505073,phase_interference
7,2.154434690031882,6.812920690579608,0.8657267852616342,0.9027880410851296,0.972714055967764,11.336052634845448,phase_interference
7,2.154434690031882,10.0,0.8864854089197354,0.9236052889306049,0.9666178519530751,12.40096190211473,phase_interference
7,2.154434690031882,14.67799267622069,0.8998433876228871,0.9363190278789613,0.9623452985857898,13.293047911972744,phase_interference
7,2.154434690031882,21.54434690031882,0.9085269029829269,0.9442580248038537,0.9593992886431391,14.04737394151926,phase_interference
7,2.154434690031882,31.622776601683793,0.914233111584836,0.9493224208258276,0.9573841431656437,14.69252593741869,phase_interference
7,2.154434690031882,46.41588833612777,0.9180184637076214,0.9526111035775797,0.9560106049354706,15.24947068051519,phase_interference
7,2.154434690031882,68.12920690579608,0.9205484749760577,0.9547762900987234,0.9550756299205234,15.733221552026809,phase_interference
7,2.154434690031882,100.0,0.922249002226468,0.9562163787001436,0.954439389091613,16.154788474597513,phase_interference
7,3.1622776601683795,0.01,4.870722786029202e-44,5.871053007800622e-44,1.0,0.0,incoherent_mixer
7,3.1622776601683795,0.014677992676220698,3.379893277835657e-30,4.074042696866215e-30,1.0,0.0,incoherent_mixer
7,3.1622776601683795,0.021544346900318832,9.096564976156616e-21,1.0964782335201842e-20,1.0,0.0,incoherent_mixer
7,3.1622776601683795,0.03162277660168379,2.417932776681587e-14,2.914518465701727e-14,0.9999999999999901,2.0398913508073193e-13,incoherent_mixer
7,3.1622776601683795,0.046415888336127774,5.760373290509177e-10,6.943416496202954e-10,0.9999999997632871,4.9069663785476066e-09,incoherent_mixer
7,3.1622776601683795,0.06812920690579612,5.526757106138364e-07,6.661822566694382e-07,0.9999997728871897,4.707962399242749e-06,incoherent_mixer
7,3.1622776601683795,0.1,5.944246128382294e-05,7.165219643251206e-05,0.9999755737978189,0.0005063633920673147,incoherent_mixer
7,3.1622776601683795,0.1467799267622069,0.0014395525070505517,0.0017361833407032552,0.9994088418293762,0.012264829914905356,incoherent_mixer
7,3.1622776601683795,0.21544346900318834,0.01262430272491787,0.015292721124272886,0.9948428017169176,0.10770083131322196,incoherent_mixer
7,3.1622776601683795,0.31622776601683794,0.0553782666433955,0.0682237571331594,0.977805383771135,0.47525897861126043,mixed
7,3.1622776601683795,0.46415888336127775,0.15094677357609015,0.19305745904704685,0.9417582594589986,1.319370341619521,mixed
7,3.1622776601683795,0.6812920690579611,0.2948763522894174,0.3974922549689874,0.8913248707310695,2.68746867111092,phase_interference
7,3.1622776601683795,1.0,0.455167734961103,0.640472372440162,0.8381947551116999,4.452454182369298,phase_interference
7,3.1622776601683795,1.467799267622069,0.5977816110856276,0.8483770938954107,0.7914516134775964,6.411112818075757,phase_interference
7,3.1622776601683795,2.154434690031882,0.7068798480259889,0.9777859560118597,0.7546464638746396,8.365022521713195,phase_interference
7,3.1622776601683795,3.1622776601683795,0.7829739575338415,1.038920300258534,0.727681505570496,10.162237955870093,phase_interference
7,3.1622776601683795,4.6415888336127775,0.8332992662778405,1.0611203593302887,0.708886337988831,11.71696837180478,phase_interference
7,3.1622776601683795,6.812920690579608,0.8657267852616342,1.0662389852707197,0.6962125429945322,13.010017762917181,phase_interference
7,3.1622776601683795,10.0,0.8864854089197354,1.0653154550708406,0.6878236650350305,14.069390580142803,phase_interference
7,3.1622776601683795,14.67799267622069,0.8998433876228871,1.0628668737529465,0.6823096663999993,14.941621489719317,phase_interference
7,3.1622776601683795,21.54434690031882,0.9085269029829269,1.060461050868117,0.6786828307223466,15.670589653605767,phase_interference
7,3.1622776601683795,31.622776601683793,0.914233111584836,1.058520354073023,0.6762860628609987,16.289602921496037,phase_interference
7,3.1622776601683795,46.41588833612777,0.9180184637076214,1.0570723687782486,0.6746926017125203,16.821776079259187,phase_interference
7,3.1622776601683795,68.12920690579608,0.9205484749760577,1.0560322100387427,0.6736270275887039,17.282920201644547,phase_interference
7,3.1622776601683795,100.0,0.922249002226468,1.0553001957317532,0.6729109437448985,17.68420232316777,phase_interference
7,4.6415888336127775,0.01,4.870722786029202e-44,4.222526699688232e-44,1.0,0.0,incoherent_mixer
7,4.6415888336127775,0.014677992676220698,3.379893277835657e-30,2.93009687364956e-30,1.0,0.0,incoherent_mixer
7,4.6415888336127775,0.021544346900318832,9.096564976156616e-21,7.885993552629147e-21,1.0,0.0,incoherent_mixer
7,4.6415888336127775,0.03162277660168379,2.417932776681587e-14,2.0961541348389523e-14,0.999999999999991,1.9152435569564673e-13,incoherent_mixer
7,4.6415888336127775,0.046415888336127774,5.760373290509177e-10,4.993782461881592e-10,0.999999999785745,4.619161179773816e-09,incoherent_mixer
7,4.6415888336127775,0.06812920690579612,5.526757106138364e-07,4.791257106694108e-07,0.9999997944343461,4.431829879254271e-06,incoherent_mixer
7,4.6415888336127775,0.1,5.944246128382294e-05,5.153321350815804e-05,0.9999778901364201,0.00047666692535536394,incoherent_mixer
7,4.6415888336127775,0.1467799267622069,0.0014395525070505517,0.001248775457581105,0.9994642895819827,0.011547172978206833,incoherent_mixer
7,4.6415888336127775,0.21544346900318834,0.01262430272491787,0.011006856461580148,0.995283330430981,0.10151463162441707,incoherent_mixer
7,4.6415888336127775,0.31622776601683794,0.0553782666433955,0.049300925232623964,0.9789952624041854,0.44988004623580335,incoherent_mixer
7,4.6415888336127775,0.46415888336127775,0.15094677357609015,0.14199782296643368,0.9408065827755434,1.260352162787962,mixed
7,4.6415888336127775,0.6812920690579611,0.2948763522894174,0.3078620578840388,0.8784237194012972,2.6002276235347477,mixed
7,4.6415888336127775,1.0,0.455167734961103,0.5470469197298667,0.8012491801571607,4.3647809144014635,phase_interference
7,4.6415888336127775,1.467799267622069,0.5977816110856276,0.818307469284234,0.7243242241257672,6.354237256662485,phase_interference
7,4.6415888336127775,2.154434690031882,0.7068798480259889,1.0436070724358297,0.6583802186442563,8.362906405945534,phase_interference
7,4.6415888336127775,3.1622776601683795,0.7829739575338415,1.1775803293567586,0.6066160799936082,10.238856021548125,phase_interference
7,4.6415888336127775,4.6415888336127775,0.8332992662778405,1.2360512182374168,0.5677063236687074,11.904080322029932,phase_interference
7,4.6415888336127775,6.812920690579608,0.8657267852616342,1.2534981524367728,0.5390743228875204,13.342996666165229,phase_interference
7,4.6415888336127775,10.0,0.8864854089197354,1.2538867709019577,0.5183023093209457,14.577131304556717,phase_interference
7,4.6415888336127775,14.67799267622069,0.8998433876228871,1.2489050958512775,0.5034215252851818,15.640395431111289,phase_interference
7,4.6415888336127775,21.54434690031882,0.9085269029829269,1.243222200851748,0.49288374572531385,16.56386506685103,phase_interference
7,4.6415888336127775,31.622776601683793,0.914233111584836,1.2383613636992807,0.4854950643535094,17.370931667495782,phase_interference
7,4.6415888336127775,46.41588833612777,0.9180184637076214,1.2346195585848365,0.4803553298540395,18.078227714819278,phase_interference
7,4.6415888336127775,68.12920690579608,0.9205484749760577,1.2318809901050607,0.4768014947522486,18.698043039517284,phase_interference
7,4.6415888336127775,100.0,0.922249002226468,1.229930877420546,0.47435505617579465,19.24026556125489,phase_interference
7,6.812920690579608,0.01,4.870722786029202e-44,5.731369065242379e-44,1.0,0.0,incoherent_mixer
7,6.812920690579608,0.014677992676220698,3.379893277835657e-30,3.977113177529091e-30,1.0,0.0,incoherent_mixer
7,6.812920690579608,0.021544346900318832,9.096564976156616e-21,1.070390851514963e-20,1.0,0.0,incoherent_mixer
7,6.812920690579608,0.03162277660168379,2.417932776681587e-14,2.8451763171284774e-14,1.0000000000000093,1.365423938451252e-13,incoherent_mixer
7,6.812920690579608,0.046415888336127774,5.760373290509177e-10,6.778218905977945e-10,1.0000000002240432,3.2933467772045925e-09,incoherent_mixer
7,6.812920690579608,0.06812920690579612,5.526757106138364e-07,6.503321839348798e-07,1.0000002149569984,3.159784261570818e-06,incoherent_mixer
7,6.812920690579608,0.1,5.944246128382294e-05,6.994419200974589e-05,1.0000231200893068,0.00033985161070264585,incoherent_mixer
7,6.812920690579608,0.1467799267622069,0.0014395525070505517,0.0016929656346330918,1.0005602609073567,0.008232830168271085,incoherent_mixer
7,6.812920690579608,0.21544346900318834,0.01262430272491787,0.014781863539776417,1.0049383108662615,0.0723764005607056,incoherent_mixer
7,6.812920690579608,0.31622776601683794,0.0553782666433955,0.06376860749725516,1.0221042090741739,0.3207536700406402,mixed
7,6.812920690579608,0.46415888336127775,0.15094677357609015,0.16752077680692484,1.063315206082006,0.8989603695979701,mixed
7,6.812920690579608,0.6812920690579611,0.2948763522894174,0.31041344837420803,1.1350549508119019,1.8578065428300836,mixed
7,6.812920690579608,1.0,0.455167734961103,0.45471016163516353,1.235215048507758,3.1308907390012797,phase_interference
7,6.812920690579608,1.467799267622069,0.5977816110856276,0.5748362150271135,1.3532120033925514,4.586168826519148,phase_interference
7,6.812920690579608,2.154434690031882,0.7068798480259889,0.6653167367385278,1.4738738085024317,6.079417787929784,phase_interference
7,6.812920690579608,3.1622776601683795,0.7829739575338415,0.7301530757425116,1.583694577386203,7.49215316501922,phase_interference
7,6.812920690579608,4.6415888336127775,0.8332992662778405,0.7752264226638301,1.675041386137104,8.752745223199149,phase_interference
7,6.812920690579608,6.812920690579608,0.8657267852616342,0.8059394932667235,1.7462230265444707,9.83787238011901,phase_interference
7,6.812920690579608,10.0,0.8864854089197354,0.8266406604652026,1.7992488097324209,10.75841261775517,phase_interference
7,6.812920690579608,14.67799267622069,0.8998433876228871,0.8405415457445501,1.8375759605366615,11.540081795912771,phase_interference
7,6.812920690579608,21.54434690031882,0.9085269029829269,0.8498803011962851,1.864732594709008,12.209302347160248,phase_interference
7,6.812920690579608,31.622776601683793,0.914233111584836,0.8561682699940837,1.8837238743272695,12.787375142268763,phase_interference
7,6.812920690579608,46.41588833612777,0.9180184637076214,0.8604131978435813,1.8968906236934042,13.289937271738378,phase_interference
7,6.812920690579608,68.12920690579608,0.9205484749760577,0.8632856641779241,1.905967023024932,13.728268374444808,phase_interference
7,6.812920690579608,100.0,0.922249002226468,0.8652330980711357,1.9121998949888501,14.110735621135456,phase_interference
7,10.0,0.01,4.870722786029202e-44,5.571470461195776e-44,1.0,0.0,incoherent_mixer
7,10.0,0.014677992676220698,3.379893277835657e-30,3.86615629480471e-30,1.0,0.0,incoherent_mixer
7,10.0,0.021544346900318832,9.096564976156616e-21,1.0405281780432003e-20,1.0,0.0,incoherent_mixer
7,10.0,0.03162277660168379,2.417932776681587e-14,2.7657991707265858e-14,0.9999999999999922,1.9609383935396456e-13,incoherent_mixer
7,10.0,0.046415888336127774,5.760373290509177e-10,6.589114398328431e-10,0.9999999998120411,4.726935830327465e-09,incoherent_mixer
7,10.0,0.06812920690579612,5.526757106138364e-07,6.321889170201793e-07,0.9999998196641178,4.535233462006949e-06,incoherent_mixer
7,10.0,0.1,5.944246128382294e-05,6.799575536191371e-05,0.9999806046528167,0.0004877862153361501,incoherent_mixer
7,10.0,0.1467799267622069,0.0014395525070505517,0.001647449597810091,0.9995305700013206,0.011815221426870316,incoherent_mixer
7,10.0,0.21544346900318834,0.01262430272491787,0.01450126354099664,0.9959028449469453,0.10377791401967688,incoherent_mixer
7,10.0,0.31622776601683794,0.0553782666433955,0.06451044520590972,0.9823396107042273,0.45836192697346967,mixed
7,10.0,0.46415888336127775,0.15094677357609015,0.18116085475133328,0.9535398207234717,1.2748763032002401,mixed
7,10.0,0.6812920690579611,0.2948763522894174,0.36753235242522786,0.9131632929933247,2.6036763770537794,phase_interference
7,10.0,1.0,0.455167734961103,0.5812057444688782,0.8707678386839875,4.32575841296751,phase_interference
7,10.0,1.467799267622069,0.5977816110856276,0.7604006720111076,0.833719360390823,6.245880568570874,phase_interference
7,10.0,2.154434690031882,0.7068798480259889,0.8770575887425675,0.8045315778142849,8.175123599299077,phase_interference
7,10.0,3.1622776601683795,0.7829739575338415,0.9419120886559151,0.782654310110778,9.975666409355648,phase_interference
7,10.0,4.6415888336127775,0.8332992662778405,0.9754367223989363,0.7665813882754074,11.575450885905715,phase_interference
7,10.0,6.812920690579608,0.8657267852616342,0.9924887101192724,0.7548812414427116,12.959333899177514,phase_interference
7,10.0,10.0,0.8864854089197354,1.001319689912088,0.7464362434310731,14.14744731962324,phase_interference
7,10.0,14.67799267622069,0.8998433876228871,1.0060624112708338,0.7404013065821154,15.172311071248231,phase_interference
7,10.0,21.54434690031882,0.9085269029829269,1.0087218737060046,0.7361329849536096,16.063977262955326,phase_interference
7,10.0,31.622776601683793,0.914233111584836,1.0102776627038303,0.7331421417876618,16.844980541457225,phase_interference
7,10.0,46.41588833612777,0.9180184637076214,1.0112223696702956,0.7310623760587163,17.53107647753769,phase_interference
7,10.0,68.12920690579608,0.9205484749760577,1.0118137941411787,0.7296246225965097,18.133685732976915,phase_interference
7,10.0,100.0,0.922249002226468,1.0121929392242697,0.7286349977955285,18.662031795103765,phase_interference
7,14.67799267622069,0.01,4.870722786029202e-44,4.2675467474106005e-44,1.0,0.0,incoherent_mixer
7,14.67799267622069,0.014677992676220698,3.379893277835657e-30,2.961337197385726e-30,1.0,0.0,incoherent_mixer
7,14.67799267622069,0.021544346900318832,9.096564976156616e-21,7.970073022417665e-21,1.0,0.0,incoherent_mixer
7,14.67799267622069,0.03162277660168379,2.417932776681587e-14,2.1185030661531776e-14,1.0000000000000016,1.566947875644755e-13,incoherent_mixer
7,14.67799267622069,0.046415888336127774,5.760373290509177e-10,5.047025540355903e-10,1.0000000000369533,3.7783185927453785e-09,incoherent_mixer
7,14.67799267622069,0.06812920690579612,5.526757106138364e-07,4.842339945094118e-07,1.0000000354544842,3.625088077100956e-06,incoherent_mixer
7,14.67799267622069,0.1,5.944246128382294e-05,5.208156520179845e-05,1.0000038128535198,0.0003898987955198771,incoherent_mixer
7,14.67799267622069,0.1467799267622069,0.0014395525070505517,0.0012614499238479573,1.0000921017922508,0.009445940410482159,incoherent_mixer
7,14.67799267622069,0.21544346900318834,0.01262430272491787,0.011074266702472442,1.0007910155929283,0.08309269069324032,incoherent_mixer
7,14.67799267622069,0.31622776601683794,0.0553782666433955,0.048808326514130425,1.003197941477303,0.3690997650394069,incoherent_mixer
7,14.67799267622069,0.46415888336127775,0.15094677357609015,0.1348638163066621,1.0071656565833387,1.039507181601267,mixed
7,14.67799267622069,0.6812920690579611,0.2948763522894174,0.27049866796076033,1.0098464386068444,2.1624732607632726,mixed
7,14.67799267622069,1.0,0.455167734961103,0.4316590739644499,1.0086103891721403,3.667499299214718,phase_interference
7,14.67799267622069,1.467799267622069,0.5977816110856276,0.5832448575649233,1.0037887181347138,5.397365358024058,phase_interference
7,14.67799267622069,2.154434690031882,0.7068798480259889,0.7022265822236604,0.9973839477351226,7.175160227487209,phase_interference
7,14.67799267622069,3.1622776601683795,0.7829739575338415,0.7851120734706988,0.991091163142653,8.856194240770906,phase_interference
7,14.67799267622069,4.6415888336127775,0.8332992662778405,0.8391066502448182,0.9857524331776185,10.35422662104902,phase_interference
7,14.67799267622069,6.812920690579608,0.8657267852616342,0.873250597897492,0.9815853948034098,11.641429424543224,phase_interference
7,14.67799267622069,10.0,0.8864854089197354,0.8947316099088969,0.9784933250632414,12.73070420160486,phase_interference
7,14.67799267622069,14.67799267622069,0.8998433876228871,0.9083601784481089,0.9762698169208248,13.652602571621014,phase_interference
7,14.67799267622069,21.54434690031882,0.9085269029829269,0.917124601585407,0.9747019029245936,14.438461670934167,phase_interference
7,14.67799267622069,31.622776601683793,0.914233111584836,0.9228387144439597,0.9736097629064897,15.113396842462949,phase_interference
7,14.67799267622069,46.41588833612777,0.9180184637076214,0.9266080154366984,0.9728548920183442,15.695729745653823,phase_interference
7,14.67799267622069,68.12920690579608,0.9205484749760577,0.9291173436697577,0.9723357069056269,16.198649368704917,phase_interference
7,14.67799267622069,100.0,0.922249002226468,0.9307993302092649,0.9719797592160663,16.631948426962218,phase_interference
7,21.54434690031882,0.01,4.870722786029202e-44,4.831468698214739e-44,1.0,0.0,incoherent_mixer
7,21.54434690031882,0.014677992676220698,3.379893277835657e-30,3.352654070563951e-30,1.0,0.0,incoherent_mixer
7,21.54434690031882,0.021544346900318832,9.096564976156616e-21,9.023254016763028e-21,1.0,0.0,incoherent_mixer
7,21.54434690031882,0.03162277660168379,2.417932776681587e-14,2.3984461933314676e-14,0.9999999999999981,1.7275767518793886e-13,incoherent_mixer
7,21.54434690031882,0.046415888336127774,5.760373290509177e-10,5.713949339353904e-10,0.9999999999541271,4.164738980741866e-09,incoherent_mixer
7,21.54434690031882,0.06812920690579612,5.526757106138364e-07,5.482216343038729e-07,0.9999999559873233,3.995836733284101e-06,incoherent_mixer
7,21.54434690031882,0.1,5.944246128382294e-05,5.896390161629603e-05,0.9999952662333457,0.00042977322297476625,incoherent_mixer
7,21.54434690031882,0.1467799267622069,0.0014395525070505517,0.0014282432015092267,0.9998853431903952,0.010411002255642928,incoherent_mixer
7,21.54434690031882,0.21544346900318834,0.01262430272491787,0.012545009333499963,0.9989933459507843,0.09151361291435722,incoherent_mixer
7,21.54434690031882,0.31622776601683794,0.0553782666433955,0.055360773666533636,0.9955652110440508,0.4053563638932146,mixed
7,21.54434690031882,0.46415888336127775,0.15094677357609015,0.1528332927874483,0.9877975350456747,1.13454746220641,mixed
7,21.54434690031882,0.6812920690579611,0.2948763522894174,0.3035523318553293,0.9757806261749187,2.3386546310461154,mixed
7,21.54434690031882,1.0,0.455167734961103,0.474612368866123,0.9617217958906418,3.9261974324883266,phase_interference
7,21.54434690031882,1.467799267622069,0.5977816110856276,0.6260395174974411,0.9481916134704932,5.724814336459506,phase_interference
7,21.54434690031882,2.154434690031882,0.7068798480259889,0.7385056019786148,0.9366814646621713,7.554421354247593,phase_interference
7,21.54434690031882,3.1622776601683795,0.7829739575338415,0.8138348208290387,0.9275384518810694,9.275297864755691,phase_interference
7,21.54434690031882,4.6415888336127775,0.8332992662778405,0.8617699761827674,0.9205265648286381,10.809224889534791,phase_interference
7,21.54434690031882,6.812920690579608,0.8657267852616342,0.8917075880585119,0.9152608877121626,12.135544832633325,phase_interference
7,21.54434690031882,10.0,0.8864854089197354,0.9104258279067984,0.9113751801555559,13.271511827149862,phase_interference
7,21.54434690031882,14.67799267622069,0.8998433876228871,0.9222652999960729,0.908555169188212,14.249242835422953,phase_interference
7,21.54434690031882,21.54434690031882,0.9085269029829269,0.9298674016233555,0.9065392951289272,15.099866961432955,phase_interference
7,21.54434690031882,31.622776601683793,0.914233111584836,0.9348196645708772,0.9051164027737351,15.847480224890692,phase_interference
7,21.54434690031882,46.41588833612777,0.9180184637076214,0.9380849242617112,0.9041220063527281,16.50917416980918,phase_interference
7,21.54434690031882,68.12920690579608,0.9205484749760577,0.9402581191297031,0.9034322318424745,17.097093789269472,phase_interference
7,21.54434690031882,100.0,0.922249002226468,0.941714561423171,0.9029563488250637,17.620493890874215,phase_interference
7,31.622776601683793,0.01,4.870722786029202e-44,5.31008606628023e-44,1.0,0.0,incoherent_mixer
7,31.622776601683793,0.014677992676220698,3.379893277835657e-30,3.6847763645323034e-30,1.0,0.0,incoherent_mixer
7,31.622776601683793,0.021544346900318832,9.096564976156616e-21,9.917120118076127e-21,1.0,0.0,incoherent_mixer
7,31.622776601683793,0.03162277660168379,2.417932776681587e-14,2.6360422694321126e-14,1.0000000000000038,1.5504871689312238e-13,incoherent_mixer
7,31.622776601683793,0.046415888336127774,5.760373290509177e-10,6.279987444996371e-10,1.0000000000929437,3.738233916648913e-09,incoherent_mixer
7,31.622776601683793,0.06812920690579612,5.526757106138364e-07,6.025297513203615e-07,1.0000000891741143,3.5866289432005733e-06,incoherent_mixer
7,31.622776601683793,0.1,5.944246128382294e-05,6.480398762890318e-05,1.0000095913148614,0.00038576090669603186,incoherent_mixer
7,31.622776601683793,0.1467799267622069,0.0014395525070505517,0.00156912684105097,1.000232440840506,0.009344904114780372,incoherent_mixer
7,31.622776601683793,0.21544346900318834,0.01262430272491787,0.01374131774341508,1.0020501084430964,0.08214793771195164,incoherent_mixer
7,31.622776601683793,0.31622776601683794,0.0553782666433955,0.05994149985113599,1.0092005920592146,0.36397279949769334,mixed
7,31.622776601683793,0.46415888336127775,0.15094677357609015,0.16116081774954225,1.0265444652925308,1.0195037811043943,mixed
7,31.622776601683793,0.6812920690579611,0.2948763522894174,0.3076859031226884,1.0575018230005395,2.104757408753604,mixed
7,31.622776601683793,1.0,0.455167734961103,0.46209036933297487,1.1029303746476946,3.5417188585175965,phase_interference
7,31.622776601683793,1.467799267622069,0.5977816110856276,0.5920270560481894,1.160905479047137,5.178214894964553,phase_interference
7,31.622776601683793,2.154434690031882,0.7068798480259889,0.6874450922905364,1.2266727915969988,6.850434968559815,phase_interference
7,31.622776601683793,3.1622776601683795,0.7829739575338415,0.7527703321913838,1.2936463161783247,8.426357290806195,phase_interference
7,31.622776601683793,4.6415888336127775,0.8332992662778405,0.7961237430229852,1.3555833050809103,9.828361411350771,phase_interference
7,31.622776601683793,6.812920690579608,0.8657267852616342,0.8245964940746393,1.4084324291786363,11.033445863946952,phase_interference
7,31.622776601683793,10.0,0.8864854089197354,0.8432999909338064,1.450764141138351,12.056194338549119,phase_interference
7,31.622776601683793,14.67799267622069,0.8998433876228871,0.8556484862934156,1.4831005500215997,12.926055787716129,phase_interference
7,31.622776601683793,21.54434690031882,0.9085269029829269,0.8638543353345499,1.5069644739597998,13.67126119784591,phase_interference
7,31.622776601683793,31.622776601683793,0.914233111584836,0.8693408903806914,1.5241488933655134,14.312980535049068,phase_interference
7,31.622776601683793,46.41588833612777,0.9180184637076214,0.8730280150036474,1.5363121884578281,14.865858477066256,phase_interference
7,31.622776601683793,68.12920690579608,0.9205484749760577,0.8755156270971721,1.5448191015119943,15.34052172913353,phase_interference
7,31.622776601683793,100.0,0.922249002226468,0.8771988378289932,1.5507198247760645,15.74580459486721,phase_interference
7,46.41588833612777,0.01,4.870722786029202e-44,4.677366961088879e-44,1.0,0.0,incoherent_mixer
7,46.41588833612777,0.014677992676220698,3.379893277835657e-30,3.245719751306765e-30,1.0,0.0,incoherent_mixer
7,46.41588833612777,0.021544346900318832,9.096564976156616e-21,8.735453514397176e-21,1.0,0.0,incoherent_mixer
7,46.41588833612777,0.03162277660168379,2.417932776681587e-14,2.321946737807338e-14,0.9999999999999998,1.6643118199495708e-13,incoherent_mixer
7,46.41588833612777,0.046415888336127774,5.760373290509177e-10,5.531700508877015e-10,0.9999999999902788,4.014154062461406e-09,incoherent_mixer
7,46.41588833612777,0.06812920690579612,5.526757106138364e-07,5.307358602815863e-07,0.9999999906730509,3.8513591622885e-06,incoherent_mixer
7,46.41588833612777,0.1,5.944246128382294e-05,5.708307059492941e-05,0.9999989967102662,0.0004142343950957631,incoherent_mixer
7,46.41588833612777,0.1467799267622069,0.0014395525070505517,0.0013825995464341544,0.9999756237099992,0.010034863462635811,incoherent_mixer
7,46.41588833612777,0.21544346900318834,0.01262430272491787,0.012138126814244143,0.9997806652089175,0.08822723920362399,incoherent_mixer
7,46.41588833612777,0.31622776601683794,0.0553782666433955,0.05347302096690083,0.9989481288766113,0.3911343137600055,mixed
7,46.41588833612777,0.46415888336127775,0.15094677357609015,0.14718517907127826,0.9966325957699598,1.0968065049324676,mixed
7,46.41588833612777,0.6812920690579611,0.2948763522894174,0.2917093184149704,0.9921105881104557,2.2672015017679468,mixed
7,46.41588833612777,1.0,0.455167734961103,0.4566013805515103,0.9857290762302042,3.818219302104892,phase_interference
7,46.41588833612777,1.467799267622069,0.5977816110856276,0.604971613777343,0.9787853408315499,5.583009768295693,phase_interference
7,46.41588833612777,2.154434690031882,0.7068798480259889,0.7177802663852897,0.972508974942208,7.380739161178086,phase_interference
7,46.41588833612777,3.1622776601683795,0.7829739575338415,0.795069631962761,0.9675212441849373,9.064678351808638,phase_interference
7,46.41588833612777,4.6415888336127775,0.8332992662778405,0.8451038854050801,0.9638949449114952,10.547904176334372,phase_interference
7,46.41588833612777,6.812920690579608,0.8657267852616342,0.8767229249941567,0.9614074084144953,11.804724713950668,phase_interference
7,46.41588833612777,10.0,0.8864854089197354,0.8966536698765659,0.9597569708755367,12.85245016797793,phase_interference
7,46.41588833612777,14.67799267622069,0.8998433876228871,0.9093331922302992,0.9586779217774823,13.726177775183189,phase_interference
7,46.41588833612777,21.54434690031882,0.9085269029829269,0.9175088790686169,0.9579741736628055,14.460549463850182,phase_interference
7,46.41588833612777,31.622776601683793,0.914233111584836,0.9228509637444977,0.9575132299778881,15.082674981716094,phase_interference
7,46.41588833612777,46.41588833612777,0.9180184637076214,0.9263809037758144,0.9572092011477535,15.612021786250365,phase_interference
7,46.41588833612777,68.12920690579608,0.9205484749760577,0.9287338671997671,0.9570072021085528,16.062533648909213,phase_interference
7,46.41588833612777,100.0,0.922249002226468,0.9303124845305025,0.9568721281291949,16.44471935310403,phase_interference
7,68.12920690579608,0.01,4.870722786029202e-44,4.597092254626169e-44,1.0,0.0,incoherent_mixer
7,68.12920690579608,0.014677992676220698,3.379893277835657e-30,3.190015505207649e-30,1.0,0.0,incoherent_mixer
7,68.12920690579608,0.021544346900318832,9.096564976156616e-21,8.585532421500153e-21,1.0,0.0,incoherent_mixer
7,68.12920690579608,0.03162277660168379,2.417932776681587e-14,2.2820966267619185e-14,0.9999999999999994,1.6627288434538284e-13,incoherent_mixer
7,68.12920690579608,0.046415888336127774,5.760373290509177e-10,5.436763412791187e-10,0.9999999999877357,4.01154295546605e-09,incoherent_mixer
7,68.12920690579608,0.06812920690579612,5.526757106138364e-07,5.216271347849864e-07,0.9999999882330546,3.848853729743233e-06,incoherent_mixer
7,68.12920690579608,0.1,5.944246128382294e-05,5.610292903027435e-05,0.9999987342282418,0.00041396472506697294,incoherent_mixer
7,68.12920690579608,0.1467799267622069,0.0014395525070505517,0.0013586008770847071,0.999969238047678,0.010028219006115474,incoherent_mixer
7,68.12920690579608,0.21544346900318834,0.01262430272491787,0.01190919537785241,0.9997224958302251,0.08816106719971516,incoherent_mixer
7,68.12920690579608,0.31622776601683794,0.0553782666433955,0.052171152861206466,0.9986487127063599,0.3907240831110824,mixed
7,68.12920690579608,0.46415888336127775,0.15094677357609015,0.14207011454333285,0.9954234786191075,1.0951458542362411,mixed
7,68.12920690579608,0.6812920690579611,0.2948763522894174,0.27889362717367977,0.9879201020202467,2.2633092587079213,mixed
7,68.12920690579608,1.0,0.455167734961103,0.4373853353786837,0.9742880639515251,3.8134902954741703,phase_interference
7,68.12920690579608,1.467799267622069,0.5977816110856276,0.5882948268942582,0.9547565663713027,5.58268465497619,phase_interference
7,68.12920690579608,2.154434690031882,0.7068798480259889,0.711922275616839,0.9318576962877974,7.393132066046947,phase_interference
7,68.12920690579608,3.1622776601683795,0.7829739575338415,0.801677999519931,0.9088384198268196,9.10024348413597,phase_interference
7,68.12920690579608,4.6415888336127775,0.8332992662778405,0.8612537402048036,0.8881597908090999,10.617566260630204,phase_interference
7,68.12920690579608,6.812920690579608,0.8657267852616342,0.8987562635270411,0.8710288294182427,11.916697769723836,phase_interference
7,68.12920690579608,10.0,0.8864854089197354,0.9219201052229371,0.8576374200944203,13.010058801789786,phase_interference
7,68.12920690579608,14.67799267622069,0.8998433876228871,0.9362840570825295,0.8475940901314739,13.928659142603834,phase_interference
7,68.12920690579608,21.54434690031882,0.9085269029829269,0.9453237493624759,0.8402796058901413,14.70562807993805,phase_interference
7,68.12920690579608,31.622776601683793,0.914233111584836,0.951112227752131,0.8350612200300139,15.368858715003572,phase_interference
7,68.12920690579608,46.41588833612777,0.9180184637076214,0.9548777708999807,0.8313913806098989,15.939723648203636,phase_interference
7,68.12920690579608,68.12920690579608,0.9205484749760577,0.9573588691019769,0.828836126266722,16.43408190523406,phase_interference
7,68.12920690579608,100.0,0.922249002226468,0.9590096223677133,0.8270691107617855,16.863608723032268,phase_interference
7,100.0,0.01,4.870722786029202e-44,4.81682927258743e-44,1.0,0.0,incoherent_mixer
7,100.0,0.014677992676220698,3.379893277835657e-30,3.342495476358786e-30,1.0,0.0,incoherent_mixer
7,100.0,0.021544346900318832,9.096564976156616e-21,8.995913416141207e-21,1.0,0.0,incoherent_mixer
7,100.0,0.03162277660168379,2.417932776681587e-14,2.391178863899857e-14,1.0000000000000007,1.6336924194781826e-13,incoherent_mixer
7,100.0,0.046415888336127774,5.760373290509177e-10,5.696635982907902e-10,1.0000000000185836,3.936576413436771e-09,incoherent_mixer
7,100.0,0.06812920690579612,5.526757106138364e-07,5.465604505858702e-07,1.0000000178297797,3.7769275543258366e-06,incoherent_mixer
7,100.0,0.1,5.944246128382294e-05,5.8784504337640665e-05,1.0000019176264798,0.0004062285525592066,incoherent_mixer
7,100.0,0.1467799267622069,0.0014395525070505517,0.0014234841997091624,1.0000464192842173,0.009840738367508001,incoherent_mixer
7,100.0,0.21544346900318834,0.01262430272491787,0.012473886768781325,1.0004055715208116,0.08650765286282201,incoherent_mixer
7,100.0,0.31622776601683794,0.0553782666433955,0.054562093388253165,1.001752623504014,0.38330826306928084,mixed
7,100.0,0.46415888336127775,0.15094677357609015,0.14784220777207882,1.0045933462022894,1.0738141409913857,mixed
7,100.0,0.6812920690579611,0.2948763522894174,0.2868483116656633,1.0082697465127775,2.2175532715662505,mixed
7,100.0,1.0,0.455167734961103,0.44158855738395314,1.0109724707862715,3.7334037908987376,phase_interference
7,100.0,1.467799267622069,0.5977816110856276,0.58218899511037,1.0110992616270729,5.461924957817428,phase_interference
7,100.0,2.154434690031882,0.7068798480259889,0.6937524294407152,1.0084701077232128,7.22977015595209,phase_interference
7,100.0,3.1622776601683795,0.7829739575338415,0.7742795230513959,1.0041245741763454,8.894992440885297,phase_interference
7,100.0,4.6415888336127775,0.8332992662778405,0.828654383649492,0.9993368339702066,10.372943468346058,phase_interference
7,100.0,6.812920690579608,0.8657267852616342,0.8639562081038401,0.9949706991031088,11.639478537933016,phase_interference
7,100.0,10.0,0.8864854089197354,0.8865436317826604,0.9913953047499915,12.713792987217172,phase_interference
7,100.0,14.67799267622069,0.8998433876228871,0.9010223851557924,0.9886529359192187,13.632795809932222,phase_interference
7,100.0,21.54434690031882,0.9085269029829269,0.9103917772667546,0.986634135422683,14.432039000884632,phase_interference
7,100.0,31.622776601683793,0.914233111584836,0.916523720067098,0.9851865427866013,15.138209871150575,phase_interference
7,100.0,46.41588833612777,0.9180184637076214,0.9205783348044101,0.9841661152742478,15.76904905268241,phase_interference
7,100.0,68.12920690579608,0.9205484749760577,0.9232817305204714,0.9834548368052273,16.33576320163041,phase_interference
7,100.0,100.0,0.922249002226468,0.9250955967137414,0.9829627315728998,16.845456969153343,phase_interference
